Phone,ScreenWidth,ScreenHeight,ScreenDpiX,ScreenDpiY
Android,1440,2560,515.1539916992188,516.06298828125
iPhone,750,1334,326.0,326.0
